session_id,stream_count,song_title_nunique,primary_artist_nunique,album_nunique,session_length,weekday,season,time_of_day_start,first_artist_listen_sum,first_song_listen_sum,first_album_listen_sum,first_listen_any_sum,artist_diversity,album_diversity,song_diversity,first_listen_ratio,cluster_filt
4949,40,36,6,6,1.8147222222222221,thursday,winter,afternoon,0,7,0,7,0.15,0.15,0.9,0.175,2
4950,1,1,1,1,0.0,friday,winter,morning,0,0,0,0,1.0,1.0,1.0,0.0,3
4951,8,8,7,2,0.27444444444444444,friday,winter,morning,5,7,6,7,0.875,0.25,1.0,0.875,1
4952,6,6,2,2,0.4177777777777778,friday,winter,morning,0,1,1,1,0.3333333333333333,0.3333333333333333,1.0,0.16666666666666666,0
4953,6,5,1,1,0.34,saturday,winter,afternoon,0,0,0,0,0.16666666666666666,0.16666666666666666,0.8333333333333334,0.0,0
4954,13,13,6,2,0.8955555555555555,saturday,winter,evening,0,1,0,1,0.46153846153846156,0.15384615384615385,1.0,0.07692307692307693,2
4955,5,5,1,1,0.25166666666666665,saturday,winter,afternoon,0,0,0,0,0.2,0.2,1.0,0.0,0
4956,5,5,2,2,0.16972222222222222,saturday,winter,afternoon,0,3,0,3,0.4,0.4,1.0,0.6,1
4957,13,13,1,1,0.4375,sunday,winter,afternoon,0,0,0,0,0.07692307692307693,0.07692307692307693,1.0,0.0,0
4958,8,8,3,3,0.35833333333333334,monday,winter,evening,0,0,0,0,0.375,0.375,1.0,0.0,0
4959,11,10,1,1,0.5419444444444445,tuesday,winter,afternoon,0,0,0,0,0.09090909090909091,0.09090909090909091,0.9090909090909091,0.0,0
4960,1,1,1,1,0.0,wednesday,winter,evening,0,0,0,0,1.0,1.0,1.0,0.0,3
4961,6,6,6,6,0.30916666666666665,wednesday,winter,night,0,1,1,1,1.0,1.0,1.0,0.16666666666666666,3
4962,12,12,2,2,0.47305555555555556,thursday,winter,afternoon,0,5,0,5,0.16666666666666666,0.16666666666666666,1.0,0.4166666666666667,0
4963,17,17,17,17,0.715,friday,winter,afternoon,1,7,5,7,1.0,1.0,1.0,0.4117647058823529,3
4964,6,6,6,6,0.36583333333333334,sunday,winter,late  night,0,0,0,0,1.0,1.0,1.0,0.0,3
4965,1,1,1,1,0.0,sunday,winter,late  night,0,0,0,0,1.0,1.0,1.0,0.0,3
4966,10,10,1,1,0.36583333333333334,monday,winter,afternoon,0,0,0,0,0.1,0.1,1.0,0.0,0
4967,9,9,1,1,0.35444444444444445,monday,winter,afternoon,0,0,0,0,0.1111111111111111,0.1111111111111111,1.0,0.0,0
4968,9,9,7,8,0.4197222222222222,monday,winter,evening,0,2,2,2,0.7777777777777778,0.8888888888888888,1.0,0.2222222222222222,3
4969,3,3,1,1,0.09555555555555556,tuesday,winter,evening,0,3,1,3,0.3333333333333333,0.3333333333333333,1.0,1.0,1
4970,11,11,1,1,0.8069444444444445,tuesday,winter,evening,0,10,0,10,0.09090909090909091,0.09090909090909091,1.0,0.9090909090909091,2
4971,4,4,1,1,0.13722222222222222,tuesday,winter,afternoon,0,0,0,0,0.25,0.25,1.0,0.0,0
4972,10,10,3,3,0.6283333333333333,wednesday,winter,evening,2,6,2,6,0.3,0.3,1.0,0.6,0
4973,1,1,1,1,0.0,wednesday,winter,evening,0,0,0,0,1.0,1.0,1.0,0.0,3
4974,8,8,1,1,0.2986111111111111,thursday,winter,afternoon,0,0,0,0,0.125,0.125,1.0,0.0,0
4975,18,17,1,1,0.9777777777777777,friday,winter,evening,0,0,0,0,0.05555555555555555,0.05555555555555555,0.9444444444444444,0.0,0
4976,11,11,5,3,0.6347222222222222,friday,winter,afternoon,0,0,0,0,0.45454545454545453,0.2727272727272727,1.0,0.0,0
4977,4,4,4,4,0.18083333333333335,friday,winter,afternoon,0,1,0,1,1.0,1.0,1.0,0.25,3
4978,3,3,3,3,0.16527777777777777,saturday,winter,afternoon,0,0,0,0,1.0,1.0,1.0,0.0,3
4979,2,2,2,2,0.06444444444444444,saturday,winter,evening,0,0,0,0,1.0,1.0,1.0,0.0,3
4980,32,32,9,2,1.8977777777777778,saturday,winter,morning,0,0,0,0,0.28125,0.0625,1.0,0.0,2
4981,26,26,3,3,2.0008333333333335,saturday,winter,morning,0,0,0,0,0.11538461538461539,0.11538461538461539,1.0,0.0,2
4982,4,4,1,1,0.09388888888888888,saturday,winter,afternoon,0,0,0,0,0.25,0.25,1.0,0.0,0
4983,2,2,2,2,0.05583333333333333,sunday,winter,afternoon,0,1,1,1,1.0,1.0,1.0,0.5,3
4984,17,17,4,2,1.1611111111111112,monday,winter,evening,0,0,0,0,0.23529411764705882,0.11764705882352941,1.0,0.0,2
4985,1,1,1,1,0.0,monday,winter,evening,0,0,0,0,1.0,1.0,1.0,0.0,3
4986,12,12,2,2,0.5794444444444444,tuesday,winter,afternoon,0,7,0,7,0.16666666666666666,0.16666666666666666,1.0,0.5833333333333334,0
4987,4,4,1,1,0.1411111111111111,tuesday,winter,afternoon,0,0,0,0,0.25,0.25,1.0,0.0,0
4988,6,6,3,3,0.24222222222222223,tuesday,winter,evening,0,0,0,0,0.5,0.5,1.0,0.0,0
4989,3,3,1,1,0.13777777777777778,tuesday,winter,evening,0,0,0,0,0.3333333333333333,0.3333333333333333,1.0,0.0,0
4990,3,3,1,1,0.09472222222222222,tuesday,winter,evening,0,0,0,0,0.3333333333333333,0.3333333333333333,1.0,0.0,0
4991,6,6,1,6,0.3269444444444444,tuesday,winter,night,0,1,0,1,0.16666666666666666,1.0,1.0,0.16666666666666666,0
4992,3,3,2,3,0.11055555555555556,tuesday,winter,afternoon,0,2,2,2,0.6666666666666666,1.0,1.0,0.6666666666666666,1
4993,2,2,1,2,0.06555555555555556,tuesday,winter,afternoon,0,2,2,2,0.5,1.0,1.0,1.0,1
4994,3,2,2,2,0.10472222222222222,tuesday,winter,afternoon,1,1,1,1,0.6666666666666666,0.6666666666666666,0.6666666666666666,0.3333333333333333,0
4995,17,17,15,12,1.1352777777777778,wednesday,winter,afternoon,1,1,1,1,0.8823529411764706,0.7058823529411765,1.0,0.058823529411764705,2
4996,3,3,1,1,0.17333333333333334,wednesday,winter,afternoon,0,0,0,0,0.3333333333333333,0.3333333333333333,1.0,0.0,0
4997,6,6,6,6,0.2863888888888889,wednesday,winter,morning,2,6,6,6,1.0,1.0,1.0,1.0,1
4998,1,1,1,1,0.0,wednesday,winter,morning,0,0,0,0,1.0,1.0,1.0,0.0,3
4999,11,11,11,7,0.6783333333333333,thursday,winter,afternoon,0,0,0,0,1.0,0.6363636363636364,1.0,0.0,3
5000,6,6,2,5,0.36027777777777775,thursday,winter,afternoon,0,1,0,1,0.3333333333333333,0.8333333333333334,1.0,0.16666666666666666,0
5001,11,11,1,1,0.5361111111111111,friday,winter,night,0,0,0,0,0.09090909090909091,0.09090909090909091,1.0,0.0,0
5002,10,10,4,4,0.4675,friday,winter,afternoon,0,10,2,10,0.4,0.4,1.0,1.0,1
5003,16,16,2,2,0.8602777777777778,saturday,winter,afternoon,1,1,1,1,0.125,0.125,1.0,0.0625,0
5004,26,23,3,4,1.3969444444444445,saturday,winter,evening,0,19,3,19,0.11538461538461539,0.15384615384615385,0.8846153846153846,0.7307692307692307,2
5005,14,14,6,9,0.715,saturday,winter,night,0,0,0,0,0.42857142857142855,0.6428571428571429,1.0,0.0,0
5006,10,10,8,9,0.6111111111111112,saturday,winter,afternoon,1,3,1,3,0.8,0.9,1.0,0.3,3
5007,2,2,2,2,0.09388888888888888,saturday,winter,afternoon,0,0,0,0,1.0,1.0,1.0,0.0,3
5008,17,17,12,11,1.185,saturday,winter,afternoon,0,1,0,1,0.7058823529411765,0.6470588235294118,1.0,0.058823529411764705,2
5009,5,5,3,4,0.2313888888888889,monday,winter,afternoon,0,0,0,0,0.6,0.8,1.0,0.0,3
5010,1,1,1,1,0.0,monday,winter,afternoon,0,0,0,0,1.0,1.0,1.0,0.0,3
5011,5,5,5,5,0.18833333333333332,monday,winter,afternoon,0,0,0,0,1.0,1.0,1.0,0.0,3
5012,11,11,11,11,0.49472222222222223,monday,winter,night,7,11,11,11,1.0,1.0,1.0,1.0,1
5013,2,2,2,2,0.02861111111111111,tuesday,winter,evening,0,2,2,2,1.0,1.0,1.0,1.0,1
5014,1,1,1,1,0.0,friday,winter,morning,0,1,1,1,1.0,1.0,1.0,1.0,1
5015,6,6,1,1,0.3552777777777778,friday,winter,morning,0,6,0,6,0.16666666666666666,0.16666666666666666,1.0,1.0,1
5016,15,15,8,8,0.8166666666666667,saturday,winter,morning,0,2,0,2,0.5333333333333333,0.5333333333333333,1.0,0.13333333333333333,0
5017,2,2,1,1,0.09,saturday,winter,afternoon,0,0,0,0,0.5,0.5,1.0,0.0,0
5018,9,9,5,9,0.5205555555555555,sunday,winter,morning,1,3,2,3,0.5555555555555556,1.0,1.0,0.3333333333333333,0
5019,13,13,13,10,0.7755555555555556,monday,winter,night,0,0,0,0,1.0,0.7692307692307693,1.0,0.0,3
5020,1,1,1,1,0.0,tuesday,winter,evening,0,0,0,0,1.0,1.0,1.0,0.0,3
5021,15,15,2,5,0.8347222222222223,tuesday,winter,evening,0,0,0,0,0.13333333333333333,0.3333333333333333,1.0,0.0,0
5022,2,2,1,1,0.05638888888888889,wednesday,winter,afternoon,0,0,0,0,0.5,0.5,1.0,0.0,0
5023,6,6,1,1,0.2902777777777778,wednesday,winter,afternoon,0,0,0,0,0.16666666666666666,0.16666666666666666,1.0,0.0,0
5024,16,15,1,1,0.8275,wednesday,winter,evening,0,0,0,0,0.0625,0.0625,0.9375,0.0,0
5025,2,2,2,2,0.05611111111111111,wednesday,winter,evening,2,2,2,2,1.0,1.0,1.0,1.0,1
5026,1,1,1,1,0.0,wednesday,winter,afternoon,0,0,0,0,1.0,1.0,1.0,0.0,3
5027,15,15,2,2,0.8558333333333333,wednesday,winter,afternoon,0,0,0,0,0.13333333333333333,0.13333333333333333,1.0,0.0,0
5028,5,5,2,2,0.23805555555555555,thursday,winter,afternoon,0,0,0,0,0.4,0.4,1.0,0.0,0
5029,19,19,1,8,1.0794444444444444,thursday,winter,evening,0,0,0,0,0.05263157894736842,0.42105263157894735,1.0,0.0,2
5030,4,4,1,3,0.16583333333333333,tuesday,winter,evening,0,0,0,0,0.25,0.75,1.0,0.0,0
5031,10,10,1,6,0.4866666666666667,tuesday,winter,evening,0,0,0,0,0.1,0.6,1.0,0.0,0
5032,2,2,2,2,0.049166666666666664,wednesday,winter,afternoon,1,2,1,2,1.0,1.0,1.0,1.0,1
5033,8,8,3,6,0.2725,thursday,winter,evening,0,0,0,0,0.375,0.75,1.0,0.0,0
5034,19,19,14,16,1.07,thursday,winter,evening,0,2,1,2,0.7368421052631579,0.8421052631578947,1.0,0.10526315789473684,2
5035,1,1,1,1,0.0,thursday,winter,morning,0,0,0,0,1.0,1.0,1.0,0.0,3
5036,11,10,1,1,0.6775,friday,winter,evening,1,10,1,10,0.09090909090909091,0.09090909090909091,0.9090909090909091,0.9090909090909091,0
5037,1,1,1,1,0.0,saturday,winter,afternoon,0,0,0,0,1.0,1.0,1.0,0.0,3
5038,16,16,13,13,0.8819444444444444,saturday,winter,morning,5,10,9,10,0.8125,0.8125,1.0,0.625,1
5039,7,7,3,7,0.24805555555555556,monday,winter,morning,0,2,2,2,0.42857142857142855,1.0,1.0,0.2857142857142857,0
5040,10,10,10,10,0.5761111111111111,tuesday,winter,evening,0,3,2,3,1.0,1.0,1.0,0.3,3
5041,1,1,1,1,0.0,tuesday,winter,night,1,1,1,1,1.0,1.0,1.0,1.0,1
5042,1,1,1,1,0.0,tuesday,winter,morning,0,1,1,1,1.0,1.0,1.0,1.0,1
5043,4,4,3,3,0.16833333333333333,tuesday,winter,afternoon,1,2,2,2,0.75,0.75,1.0,0.5,1
5044,2,2,2,2,0.052222222222222225,wednesday,winter,afternoon,0,1,1,1,1.0,1.0,1.0,0.5,3
5045,9,9,3,3,0.2961111111111111,wednesday,winter,evening,1,8,2,8,0.3333333333333333,0.3333333333333333,1.0,0.8888888888888888,1
5046,9,9,2,6,0.4691666666666667,wednesday,winter,night,0,0,0,0,0.2222222222222222,0.6666666666666666,1.0,0.0,0
5047,10,10,3,3,0.5125,wednesday,winter,morning,2,9,2,9,0.3,0.3,1.0,0.9,1
5048,7,7,2,4,0.35194444444444445,thursday,winter,night,0,0,0,0,0.2857142857142857,0.5714285714285714,1.0,0.0,0
5049,9,9,4,5,0.4411111111111111,friday,winter,night,0,4,0,4,0.4444444444444444,0.5555555555555556,1.0,0.4444444444444444,0
5050,18,17,10,7,0.7988888888888889,saturday,winter,afternoon,3,17,10,17,0.5555555555555556,0.3888888888888889,0.9444444444444444,0.9444444444444444,1
5051,5,5,2,2,0.23444444444444446,saturday,winter,afternoon,0,4,1,4,0.4,0.4,1.0,0.8,1
5052,5,5,1,1,0.21,saturday,winter,morning,0,2,0,2,0.2,0.2,1.0,0.4,0
5053,1,1,1,1,0.0,saturday,winter,morning,0,1,0,1,1.0,1.0,1.0,1.0,1
5054,1,1,1,1,0.0,saturday,winter,morning,0,1,0,1,1.0,1.0,1.0,1.0,1
5055,5,5,3,3,0.18722222222222223,saturday,winter,morning,0,4,0,4,0.6,0.6,1.0,0.8,1
5056,1,1,1,1,0.0,saturday,winter,morning,0,0,0,0,1.0,1.0,1.0,0.0,3
5057,2,2,1,1,0.05722222222222222,saturday,winter,morning,0,0,0,0,0.5,0.5,1.0,0.0,0
5058,10,10,1,1,0.5369444444444444,saturday,winter,afternoon,0,0,0,0,0.1,0.1,1.0,0.0,0
5059,11,11,4,4,0.4638888888888889,sunday,winter,afternoon,0,1,0,1,0.36363636363636365,0.36363636363636365,1.0,0.09090909090909091,0
5060,4,4,2,2,0.14583333333333334,sunday,winter,afternoon,0,0,0,0,0.5,0.5,1.0,0.0,0
5061,5,5,5,5,0.18888888888888888,sunday,winter,evening,3,5,5,5,1.0,1.0,1.0,1.0,1
5062,5,5,4,5,0.2722222222222222,sunday,winter,afternoon,1,2,2,2,0.8,1.0,1.0,0.4,3
5063,15,15,2,2,0.8669444444444444,monday,winter,afternoon,0,1,1,1,0.13333333333333333,0.13333333333333333,1.0,0.06666666666666667,0
5064,9,9,1,1,0.5352777777777777,monday,winter,morning,0,0,0,0,0.1111111111111111,0.1111111111111111,1.0,0.0,0
5065,10,10,5,9,0.5511111111111111,tuesday,winter,afternoon,0,0,0,0,0.5,0.9,1.0,0.0,0
5066,3,2,1,1,0.14527777777777778,tuesday,winter,evening,0,1,0,1,0.3333333333333333,0.3333333333333333,0.6666666666666666,0.3333333333333333,0
5067,2,2,1,1,0.08527777777777777,tuesday,winter,evening,0,0,0,0,0.5,0.5,1.0,0.0,0
5068,10,10,3,3,0.36194444444444446,tuesday,winter,late  night,0,1,1,1,0.3,0.3,1.0,0.1,0
5069,6,6,1,3,0.29833333333333334,tuesday,winter,morning,0,0,0,0,0.16666666666666666,0.5,1.0,0.0,0
5070,7,7,1,1,0.30333333333333334,tuesday,winter,morning,0,0,0,0,0.14285714285714285,0.14285714285714285,1.0,0.0,0
5071,9,9,5,8,0.4677777777777778,tuesday,winter,afternoon,0,1,1,1,0.5555555555555556,0.8888888888888888,1.0,0.1111111111111111,0
5072,4,4,4,4,0.23944444444444443,wednesday,winter,afternoon,0,0,0,0,1.0,1.0,1.0,0.0,3
5073,7,7,1,7,0.43083333333333335,wednesday,winter,afternoon,0,1,0,1,0.14285714285714285,1.0,1.0,0.14285714285714285,0
5074,2,1,1,2,0.01,wednesday,winter,evening,0,0,0,0,0.5,1.0,0.5,0.0,0
5075,10,10,1,1,0.4847222222222222,wednesday,winter,morning,0,1,0,1,0.1,0.1,1.0,0.1,0
5076,9,9,3,8,0.5036111111111111,wednesday,winter,afternoon,0,0,0,0,0.3333333333333333,0.8888888888888888,1.0,0.0,0
5077,5,5,2,4,0.2747222222222222,thursday,winter,afternoon,0,0,0,0,0.4,0.8,1.0,0.0,0
5078,2,2,1,2,0.08444444444444445,thursday,winter,evening,0,0,0,0,0.5,1.0,1.0,0.0,0
5079,15,15,4,4,0.9105555555555556,thursday,winter,evening,0,0,0,0,0.26666666666666666,0.26666666666666666,1.0,0.0,0
5080,9,9,2,2,0.39444444444444443,thursday,winter,morning,2,9,2,9,0.2222222222222222,0.2222222222222222,1.0,1.0,1
5081,4,4,1,4,0.21,saturday,spring,evening,0,0,0,0,0.25,1.0,1.0,0.0,0
5082,5,5,5,5,0.2752777777777778,saturday,spring,evening,0,0,0,0,1.0,1.0,1.0,0.0,3
5083,10,10,1,1,0.5572222222222222,saturday,spring,late  night,0,2,0,2,0.1,0.1,1.0,0.2,0
5084,4,4,3,4,0.21611111111111111,saturday,spring,morning,0,0,0,0,0.75,1.0,1.0,0.0,3
5085,3,3,3,3,0.1597222222222222,saturday,spring,afternoon,0,0,0,0,1.0,1.0,1.0,0.0,3
5086,15,15,10,11,0.7755555555555556,saturday,spring,afternoon,0,0,0,0,0.6666666666666666,0.7333333333333333,1.0,0.0,0
5087,7,7,5,7,0.38416666666666666,sunday,spring,afternoon,0,3,1,3,0.7142857142857143,1.0,1.0,0.42857142857142855,3
5088,3,3,1,1,0.10277777777777777,sunday,spring,afternoon,0,0,0,0,0.3333333333333333,0.3333333333333333,1.0,0.0,0
5089,9,9,5,7,0.6077777777777778,sunday,spring,evening,0,0,0,0,0.5555555555555556,0.7777777777777778,1.0,0.0,0
5090,8,8,6,8,0.3402777777777778,sunday,spring,morning,0,0,0,0,0.75,1.0,1.0,0.0,3
5091,3,3,3,3,0.08888888888888889,sunday,spring,morning,0,0,0,0,1.0,1.0,1.0,0.0,3
5092,1,1,1,1,0.0,sunday,spring,morning,0,0,0,0,1.0,1.0,1.0,0.0,3
5093,4,4,4,4,0.1938888888888889,sunday,spring,morning,0,0,0,0,1.0,1.0,1.0,0.0,3
5094,13,13,7,12,0.5522222222222222,sunday,spring,afternoon,0,0,0,0,0.5384615384615384,0.9230769230769231,1.0,0.0,0
5095,11,11,9,9,0.5452777777777778,sunday,spring,afternoon,1,4,3,4,0.8181818181818182,0.8181818181818182,1.0,0.36363636363636365,3
5096,6,6,2,4,0.23805555555555555,monday,spring,afternoon,0,2,0,2,0.3333333333333333,0.6666666666666666,1.0,0.3333333333333333,0
5097,3,3,2,1,0.09833333333333333,monday,spring,evening,0,0,0,0,0.6666666666666666,0.3333333333333333,1.0,0.0,3
5098,1,1,1,1,0.0,tuesday,spring,afternoon,1,1,1,1,1.0,1.0,1.0,1.0,1
5099,9,9,2,6,0.7116666666666667,saturday,spring,evening,1,9,7,9,0.2222222222222222,0.6666666666666666,1.0,1.0,1
5100,5,5,4,5,0.24694444444444444,saturday,spring,afternoon,0,0,0,0,0.8,1.0,1.0,0.0,3
5101,6,6,1,1,0.27166666666666667,saturday,spring,afternoon,0,2,0,2,0.16666666666666666,0.16666666666666666,1.0,0.3333333333333333,0
5102,6,6,1,1,0.24916666666666668,sunday,spring,afternoon,0,1,0,1,0.16666666666666666,0.16666666666666666,1.0,0.16666666666666666,0
5103,10,10,7,8,0.5483333333333333,sunday,spring,evening,0,0,0,0,0.7,0.8,1.0,0.0,3
5104,5,5,5,5,0.31083333333333335,sunday,spring,evening,1,2,1,2,1.0,1.0,1.0,0.4,3
5105,10,10,9,9,0.5158333333333334,sunday,spring,evening,1,2,2,2,0.9,0.9,1.0,0.2,3
5106,4,4,3,4,0.17916666666666667,sunday,spring,night,0,0,0,0,0.75,1.0,1.0,0.0,3
5107,11,11,11,11,0.7269444444444444,tuesday,spring,night,0,0,0,0,1.0,1.0,1.0,0.0,3
5108,12,11,3,4,0.5561111111111111,wednesday,spring,evening,0,0,0,0,0.25,0.3333333333333333,0.9166666666666666,0.0,0
5109,13,13,2,2,0.5611111111111111,wednesday,spring,evening,1,7,1,7,0.15384615384615385,0.15384615384615385,1.0,0.5384615384615384,0
5110,1,1,1,1,0.0,wednesday,spring,evening,0,0,0,0,1.0,1.0,1.0,0.0,3
5111,26,26,20,25,1.3330555555555557,thursday,spring,evening,10,22,22,22,0.7692307692307693,0.9615384615384616,1.0,0.8461538461538461,2
5112,9,9,9,9,0.33611111111111114,sunday,spring,afternoon,7,8,8,8,1.0,1.0,1.0,0.8888888888888888,1
5113,2,2,1,1,0.02277777777777778,sunday,spring,evening,0,2,1,2,0.5,0.5,1.0,1.0,1
5114,1,1,1,1,0.0,monday,spring,morning,1,1,1,1,1.0,1.0,1.0,1.0,1
5115,1,1,1,1,0.0,tuesday,spring,morning,1,1,1,1,1.0,1.0,1.0,1.0,1
5116,1,1,1,1,0.0,wednesday,spring,night,0,0,0,0,1.0,1.0,1.0,0.0,3
5117,18,17,6,7,0.8577777777777778,wednesday,spring,afternoon,1,10,4,10,0.3333333333333333,0.3888888888888889,0.9444444444444444,0.5555555555555556,2
5118,9,9,2,2,0.4091666666666667,thursday,spring,evening,0,8,1,8,0.2222222222222222,0.2222222222222222,1.0,0.8888888888888888,1
5119,8,8,4,8,0.3738888888888889,thursday,spring,afternoon,0,0,0,0,0.5,1.0,1.0,0.0,0
5120,10,10,4,9,0.5258333333333334,thursday,spring,afternoon,0,0,0,0,0.4,0.9,1.0,0.0,0
5121,8,8,6,8,0.48638888888888887,monday,spring,afternoon,4,6,6,6,0.75,1.0,1.0,0.75,1
5122,5,4,4,4,0.16972222222222222,tuesday,spring,morning,2,4,4,4,0.8,0.8,0.8,0.8,1
5123,56,56,23,23,3.1327777777777777,wednesday,spring,afternoon,13,25,18,25,0.4107142857142857,0.4107142857142857,1.0,0.44642857142857145,2
5124,16,16,9,13,0.9302777777777778,wednesday,spring,night,0,2,0,2,0.5625,0.8125,1.0,0.125,2
5125,6,6,2,3,0.2652777777777778,wednesday,spring,morning,1,2,2,2,0.3333333333333333,0.5,1.0,0.3333333333333333,0
5126,5,5,1,3,0.3325,thursday,spring,evening,0,0,0,0,0.2,0.6,1.0,0.0,0
5127,1,1,1,1,0.0,thursday,spring,night,1,1,1,1,1.0,1.0,1.0,1.0,1
5128,11,11,11,11,0.5386111111111112,thursday,spring,morning,3,10,7,10,1.0,1.0,1.0,0.9090909090909091,1
5129,21,21,20,21,1.085,thursday,spring,afternoon,3,8,6,8,0.9523809523809523,1.0,1.0,0.38095238095238093,2
5130,3,3,3,3,0.1322222222222222,friday,spring,afternoon,0,1,0,1,1.0,1.0,1.0,0.3333333333333333,3
5131,6,6,1,5,0.295,friday,spring,afternoon,0,0,0,0,0.16666666666666666,0.8333333333333334,1.0,0.0,0
5132,31,30,9,9,1.5219444444444445,friday,spring,evening,0,3,2,3,0.2903225806451613,0.2903225806451613,0.967741935483871,0.0967741935483871,2
5133,2,2,1,1,0.058333333333333334,friday,spring,evening,0,2,0,2,0.5,0.5,1.0,1.0,1
5134,1,1,1,1,0.0,saturday,spring,evening,0,1,1,1,1.0,1.0,1.0,1.0,1
5135,6,6,1,1,0.2783333333333333,saturday,spring,night,0,5,1,5,0.16666666666666666,0.16666666666666666,1.0,0.8333333333333334,1
5136,41,40,6,11,2.0091666666666668,saturday,spring,afternoon,2,17,4,17,0.14634146341463414,0.2682926829268293,0.975609756097561,0.4146341463414634,2
5137,4,4,2,2,0.15194444444444444,sunday,spring,evening,0,1,1,1,0.5,0.5,1.0,0.25,0
5138,3,3,2,2,0.11694444444444445,sunday,spring,evening,0,0,0,0,0.6666666666666666,0.6666666666666666,1.0,0.0,3
5139,17,17,13,15,0.9127777777777778,sunday,spring,night,0,1,1,1,0.7647058823529411,0.8823529411764706,1.0,0.058823529411764705,2
5140,32,32,2,1,1.1083333333333334,sunday,spring,late  night,1,17,1,17,0.0625,0.03125,1.0,0.53125,2
5141,2,2,2,2,0.05416666666666667,sunday,spring,late  night,2,2,2,2,1.0,1.0,1.0,1.0,1
5142,1,1,1,1,0.0,sunday,spring,late  night,1,1,1,1,1.0,1.0,1.0,1.0,1
5143,7,7,1,1,0.3283333333333333,monday,spring,evening,0,0,0,0,0.14285714285714285,0.14285714285714285,1.0,0.0,0
5144,15,15,12,14,0.8516666666666667,monday,spring,evening,4,9,8,9,0.8,0.9333333333333333,1.0,0.6,1
5145,8,8,8,8,0.35694444444444445,tuesday,spring,afternoon,2,7,6,7,1.0,1.0,1.0,0.875,1
5146,9,6,1,1,0.4597222222222222,tuesday,spring,night,0,0,0,0,0.1111111111111111,0.1111111111111111,0.6666666666666666,0.0,0
5147,6,6,2,4,0.3527777777777778,tuesday,spring,afternoon,0,1,0,1,0.3333333333333333,0.6666666666666666,1.0,0.16666666666666666,0
5148,7,7,7,7,0.2747222222222222,wednesday,spring,afternoon,2,5,5,5,1.0,1.0,1.0,0.7142857142857143,1
5149,5,5,1,1,0.23277777777777778,thursday,spring,afternoon,0,0,0,0,0.2,0.2,1.0,0.0,0
5150,61,58,32,35,2.3508333333333336,thursday,spring,evening,9,31,22,31,0.5245901639344263,0.5737704918032787,0.9508196721311475,0.5081967213114754,2
5151,15,15,4,5,1.0108333333333333,thursday,spring,afternoon,0,6,0,6,0.26666666666666666,0.3333333333333333,1.0,0.4,2
5152,22,22,21,22,1.2066666666666668,friday,spring,afternoon,2,11,10,11,0.9545454545454546,1.0,1.0,0.5,2
5153,23,22,14,16,1.3477777777777777,saturday,spring,afternoon,0,6,3,6,0.6086956521739131,0.6956521739130435,0.9565217391304348,0.2608695652173913,2
5154,46,46,5,5,2.5633333333333335,sunday,spring,afternoon,1,19,3,19,0.10869565217391304,0.10869565217391304,1.0,0.41304347826086957,2
5155,5,5,5,5,0.16472222222222221,tuesday,spring,afternoon,0,5,5,5,1.0,1.0,1.0,1.0,1
5156,4,4,4,4,0.205,tuesday,spring,evening,1,2,2,2,1.0,1.0,1.0,0.5,3
5157,32,32,31,31,1.373888888888889,tuesday,spring,evening,4,26,23,26,0.96875,0.96875,1.0,0.8125,2
5158,8,8,6,6,0.37027777777777776,wednesday,spring,evening,0,3,4,4,0.75,0.75,1.0,0.5,1
5159,26,26,19,24,1.3594444444444445,wednesday,spring,evening,2,12,10,12,0.7307692307692307,0.9230769230769231,1.0,0.46153846153846156,2
5160,48,47,14,15,2.2094444444444443,wednesday,spring,afternoon,6,14,9,14,0.2916666666666667,0.3125,0.9791666666666666,0.2916666666666667,2
5161,21,21,1,1,1.0025,thursday,spring,afternoon,0,0,0,0,0.047619047619047616,0.047619047619047616,1.0,0.0,2
5162,4,4,4,4,0.1511111111111111,saturday,spring,afternoon,1,3,3,3,1.0,1.0,1.0,0.75,1
5163,17,17,9,10,0.9341666666666667,monday,spring,evening,6,8,8,8,0.5294117647058824,0.5882352941176471,1.0,0.47058823529411764,2
5164,13,13,13,13,0.5902777777777778,tuesday,spring,evening,5,10,9,10,1.0,1.0,1.0,0.7692307692307693,1
5165,3,3,2,2,0.09555555555555556,tuesday,spring,evening,2,3,2,3,0.6666666666666666,0.6666666666666666,1.0,1.0,1
5166,23,20,11,11,1.2347222222222223,thursday,spring,afternoon,1,4,3,4,0.4782608695652174,0.4782608695652174,0.8695652173913043,0.17391304347826086,2
5167,18,18,1,1,0.7847222222222222,thursday,spring,evening,0,0,0,0,0.05555555555555555,0.05555555555555555,1.0,0.0,0
5168,11,8,2,2,0.5433333333333333,thursday,spring,afternoon,0,0,0,0,0.18181818181818182,0.18181818181818182,0.7272727272727273,0.0,0
5169,7,7,1,1,0.37444444444444447,friday,spring,afternoon,0,4,0,4,0.14285714285714285,0.14285714285714285,1.0,0.5714285714285714,0
5170,29,29,16,20,1.5644444444444445,friday,spring,evening,3,18,13,18,0.5517241379310345,0.6896551724137931,1.0,0.6206896551724138,2
5171,5,5,1,1,0.31333333333333335,friday,spring,evening,0,0,0,0,0.2,0.2,1.0,0.0,0
5172,49,48,8,11,2.895,saturday,spring,morning,0,6,0,6,0.16326530612244897,0.22448979591836735,0.9795918367346939,0.12244897959183673,2
5173,15,15,1,1,1.1133333333333333,sunday,spring,evening,0,0,0,0,0.06666666666666667,0.06666666666666667,1.0,0.0,2
5174,1,1,1,1,0.0,sunday,spring,late  night,0,0,0,0,1.0,1.0,1.0,0.0,3
5175,7,7,1,1,0.5272222222222223,sunday,spring,morning,0,0,0,0,0.14285714285714285,0.14285714285714285,1.0,0.0,0
5176,24,24,7,7,1.2497222222222222,sunday,spring,afternoon,0,20,5,20,0.2916666666666667,0.2916666666666667,1.0,0.8333333333333334,2
5177,15,15,4,5,0.9336111111111111,tuesday,spring,evening,0,0,0,0,0.26666666666666666,0.3333333333333333,1.0,0.0,2
5178,4,4,4,4,0.10805555555555556,tuesday,spring,evening,0,1,1,1,1.0,1.0,1.0,0.25,3
5179,7,7,7,7,0.2722222222222222,tuesday,spring,evening,1,3,3,3,1.0,1.0,1.0,0.42857142857142855,3
5180,26,24,22,23,0.9958333333333333,thursday,spring,evening,2,16,15,16,0.8461538461538461,0.8846153846153846,0.9230769230769231,0.6153846153846154,2
5181,1,1,1,1,0.0,thursday,spring,evening,0,0,0,0,1.0,1.0,1.0,0.0,3
5182,12,12,1,1,0.695,thursday,spring,evening,0,2,0,2,0.08333333333333333,0.08333333333333333,1.0,0.16666666666666666,0
5183,1,1,1,1,0.0,friday,spring,afternoon,1,1,1,1,1.0,1.0,1.0,1.0,1
5184,3,3,2,3,0.049444444444444444,saturday,spring,afternoon,1,3,2,3,0.6666666666666666,1.0,1.0,1.0,1
5185,20,20,4,3,0.8791666666666667,saturday,spring,morning,0,17,2,17,0.2,0.15,1.0,0.85,2
5186,9,9,1,1,0.485,sunday,spring,afternoon,0,0,0,0,0.1111111111111111,0.1111111111111111,1.0,0.0,0
5187,22,22,1,2,1.2455555555555555,sunday,spring,afternoon,0,0,0,0,0.045454545454545456,0.09090909090909091,1.0,0.0,2
5188,16,16,1,2,0.8427777777777777,monday,spring,afternoon,0,0,0,0,0.0625,0.125,1.0,0.0,0
5189,10,10,7,8,0.5661111111111111,thursday,spring,afternoon,0,0,0,0,0.7,0.8,1.0,0.0,3
5190,14,13,1,1,0.7555555555555555,saturday,spring,morning,0,0,0,0,0.07142857142857142,0.07142857142857142,0.9285714285714286,0.0,0
5191,12,11,2,5,0.7383333333333333,saturday,spring,afternoon,0,1,0,1,0.16666666666666666,0.4166666666666667,0.9166666666666666,0.08333333333333333,0
5192,10,10,2,7,0.5047222222222222,sunday,spring,morning,0,0,0,0,0.2,0.7,1.0,0.0,0
5193,6,6,3,5,0.3088888888888889,sunday,spring,afternoon,0,0,0,0,0.5,0.8333333333333334,1.0,0.0,0
5194,3,3,3,3,0.09388888888888888,sunday,spring,afternoon,0,1,0,1,1.0,1.0,1.0,0.3333333333333333,3
5195,1,1,1,1,0.0,monday,spring,afternoon,0,0,0,0,1.0,1.0,1.0,0.0,3
5196,1,1,1,1,0.0,monday,spring,afternoon,0,0,0,0,1.0,1.0,1.0,0.0,3
5197,3,2,1,2,0.025,tuesday,spring,night,0,0,0,0,0.3333333333333333,0.6666666666666666,0.6666666666666666,0.0,0
5198,9,9,1,1,0.4247222222222222,wednesday,spring,afternoon,0,0,0,0,0.1111111111111111,0.1111111111111111,1.0,0.0,0
5199,10,10,5,9,0.5577777777777778,wednesday,spring,evening,0,4,1,4,0.5,0.9,1.0,0.4,0
5200,1,1,1,1,0.0,wednesday,spring,afternoon,0,0,0,0,1.0,1.0,1.0,0.0,3
5201,15,15,1,8,1.0027777777777778,friday,spring,afternoon,0,0,0,0,0.06666666666666667,0.5333333333333333,1.0,0.0,2
5202,4,4,4,4,0.20777777777777778,friday,spring,afternoon,0,0,0,0,1.0,1.0,1.0,0.0,3
5203,7,7,7,7,0.38305555555555554,saturday,spring,night,0,0,0,0,1.0,1.0,1.0,0.0,3
5204,1,1,1,1,0.0,sunday,spring,evening,0,1,1,1,1.0,1.0,1.0,1.0,1
5205,3,3,3,3,0.15611111111111112,sunday,spring,morning,0,1,1,1,1.0,1.0,1.0,0.3333333333333333,3
5206,1,1,1,1,0.0,sunday,spring,morning,0,0,0,0,1.0,1.0,1.0,0.0,3
5207,5,5,1,1,0.20555555555555555,monday,spring,morning,0,0,0,0,0.2,0.2,1.0,0.0,0
5208,32,32,6,5,1.521388888888889,monday,spring,afternoon,0,13,2,13,0.1875,0.15625,1.0,0.40625,2
5209,23,22,23,23,1.2083333333333333,wednesday,spring,evening,4,12,12,12,1.0,1.0,0.9565217391304348,0.5217391304347826,2
5210,1,1,1,1,0.0,wednesday,spring,evening,0,0,0,0,1.0,1.0,1.0,0.0,3
5211,27,27,22,25,1.4122222222222223,wednesday,spring,afternoon,0,4,5,5,0.8148148148148148,0.9259259259259259,1.0,0.18518518518518517,2
5212,1,1,1,1,0.0,wednesday,spring,afternoon,0,0,0,0,1.0,1.0,1.0,0.0,3
5213,26,26,18,23,1.7430555555555556,thursday,spring,evening,0,3,2,3,0.6923076923076923,0.8846153846153846,1.0,0.11538461538461539,2
5214,1,1,1,1,0.0,sunday,spring,morning,0,0,0,0,1.0,1.0,1.0,0.0,3
5215,6,6,1,1,0.22611111111111112,wednesday,spring,afternoon,0,0,0,0,0.16666666666666666,0.16666666666666666,1.0,0.0,0
5216,3,3,1,1,0.08333333333333333,wednesday,spring,afternoon,0,0,0,0,0.3333333333333333,0.3333333333333333,1.0,0.0,0
5217,1,1,1,1,0.0,wednesday,spring,afternoon,0,0,0,0,1.0,1.0,1.0,0.0,3
5218,1,1,1,1,0.0,thursday,spring,night,0,0,0,0,1.0,1.0,1.0,0.0,3
5219,14,14,3,3,0.7597222222222222,friday,spring,night,0,0,0,0,0.21428571428571427,0.21428571428571427,1.0,0.0,0
5220,5,5,1,1,0.18305555555555555,saturday,spring,morning,0,0,0,0,0.2,0.2,1.0,0.0,0
5221,4,4,1,1,0.15555555555555556,saturday,spring,morning,0,0,0,0,0.25,0.25,1.0,0.0,0
5222,1,1,1,1,0.0,sunday,spring,night,0,0,0,0,1.0,1.0,1.0,0.0,3
5223,2,2,2,2,0.016666666666666666,monday,spring,morning,1,1,1,1,1.0,1.0,1.0,0.5,3
5224,17,16,2,3,0.8072222222222222,monday,spring,morning,0,0,0,0,0.11764705882352941,0.17647058823529413,0.9411764705882353,0.0,0
5225,7,7,1,1,0.3186111111111111,monday,spring,afternoon,0,0,0,0,0.14285714285714285,0.14285714285714285,1.0,0.0,0
5226,1,1,1,1,0.0,monday,spring,afternoon,0,0,0,0,1.0,1.0,1.0,0.0,3
5227,6,6,1,1,0.2863888888888889,monday,spring,afternoon,0,0,0,0,0.16666666666666666,0.16666666666666666,1.0,0.0,0
5228,4,4,1,1,0.18305555555555555,monday,spring,afternoon,0,0,0,0,0.25,0.25,1.0,0.0,0
5229,19,19,3,8,1.113888888888889,thursday,spring,evening,0,0,0,0,0.15789473684210525,0.42105263157894735,1.0,0.0,2
5230,7,7,3,6,0.4072222222222222,thursday,spring,evening,0,0,0,0,0.42857142857142855,0.8571428571428571,1.0,0.0,0
5231,13,12,2,2,0.7438888888888889,friday,spring,afternoon,0,6,0,6,0.15384615384615385,0.15384615384615385,0.9230769230769231,0.46153846153846156,0
5232,12,12,2,7,0.7144444444444444,friday,spring,afternoon,0,0,0,0,0.16666666666666666,0.5833333333333334,1.0,0.0,0
5233,28,28,15,21,1.4794444444444443,saturday,spring,afternoon,2,8,6,8,0.5357142857142857,0.75,1.0,0.2857142857142857,2
5234,7,7,2,1,0.31472222222222224,sunday,summer,afternoon,0,0,0,0,0.2857142857142857,0.14285714285714285,1.0,0.0,0
5235,1,1,1,1,0.0,sunday,summer,afternoon,0,0,0,0,1.0,1.0,1.0,0.0,3
5236,10,10,4,7,0.4072222222222222,monday,summer,afternoon,1,1,1,1,0.4,0.7,1.0,0.1,0
5237,8,8,1,2,0.38972222222222225,monday,summer,afternoon,0,1,0,1,0.125,0.25,1.0,0.125,0
5238,10,10,2,3,0.6158333333333333,tuesday,summer,afternoon,0,5,1,5,0.2,0.3,1.0,0.5,0
5239,27,27,23,26,1.288888888888889,wednesday,summer,evening,7,23,22,23,0.8518518518518519,0.9629629629629629,1.0,0.8518518518518519,2
5240,20,19,10,15,1.3511111111111112,friday,summer,afternoon,0,4,3,4,0.5,0.75,0.95,0.2,2
5241,1,1,1,1,0.0,friday,summer,evening,0,0,0,0,1.0,1.0,1.0,0.0,3
5242,3,2,1,2,0.15305555555555556,saturday,summer,evening,0,0,0,0,0.3333333333333333,0.6666666666666666,0.6666666666666666,0.0,0
5243,8,8,2,4,0.37694444444444447,saturday,summer,evening,0,0,0,0,0.25,0.5,1.0,0.0,0
5244,5,5,3,4,0.3927777777777778,sunday,summer,morning,1,1,1,1,0.6,0.8,1.0,0.2,0
5245,2,2,1,2,0.05416666666666667,sunday,summer,morning,0,0,0,0,0.5,1.0,1.0,0.0,0
5246,5,5,4,5,0.2658333333333333,monday,summer,morning,0,1,1,1,0.8,1.0,1.0,0.2,3
5247,5,5,4,4,0.2111111111111111,monday,summer,afternoon,0,1,1,1,0.8,0.8,1.0,0.2,3
5248,1,1,1,1,0.0,monday,summer,afternoon,0,0,0,0,1.0,1.0,1.0,0.0,3
5249,9,9,7,9,0.2577777777777778,wednesday,summer,night,0,1,0,1,0.7777777777777778,1.0,1.0,0.1111111111111111,3
5250,25,24,23,23,1.2744444444444445,wednesday,summer,afternoon,5,12,8,12,0.92,0.92,0.96,0.48,2
5251,1,1,1,1,0.0,friday,summer,morning,1,1,1,1,1.0,1.0,1.0,1.0,1
5252,23,23,7,7,1.091388888888889,friday,summer,afternoon,4,21,5,21,0.30434782608695654,0.30434782608695654,1.0,0.9130434782608695,2
5253,1,1,1,1,0.0,saturday,summer,afternoon,1,1,1,1,1.0,1.0,1.0,1.0,1
5254,4,4,3,3,0.20333333333333334,saturday,summer,morning,1,1,1,1,0.75,0.75,1.0,0.25,3
5255,12,11,6,4,0.6852777777777778,sunday,summer,afternoon,0,0,0,0,0.5,0.3333333333333333,0.9166666666666666,0.0,0
5256,7,7,3,1,0.4325,sunday,summer,afternoon,0,0,0,0,0.42857142857142855,0.14285714285714285,1.0,0.0,0
5257,2,2,2,2,0.08388888888888889,monday,summer,afternoon,0,0,0,0,1.0,1.0,1.0,0.0,3
5258,18,18,4,11,1.4427777777777777,wednesday,summer,evening,0,3,1,3,0.2222222222222222,0.6111111111111112,1.0,0.16666666666666666,2
5259,3,3,3,3,0.10111111111111111,wednesday,summer,afternoon,0,2,2,2,1.0,1.0,1.0,0.6666666666666666,1
5260,20,20,3,3,1.253611111111111,wednesday,summer,afternoon,0,1,0,1,0.15,0.15,1.0,0.05,2
5261,7,6,1,2,0.38555555555555554,thursday,summer,afternoon,0,0,0,0,0.14285714285714285,0.2857142857142857,0.8571428571428571,0.0,0
5262,2,2,1,1,0.06583333333333333,friday,summer,afternoon,0,0,0,0,0.5,0.5,1.0,0.0,0
5263,4,4,1,1,0.26611111111111113,friday,summer,afternoon,0,0,0,0,0.25,0.25,1.0,0.0,0
5264,17,17,12,15,1.1027777777777779,friday,summer,afternoon,0,1,1,1,0.7058823529411765,0.8823529411764706,1.0,0.058823529411764705,2
5265,4,4,3,4,0.1425,friday,summer,afternoon,0,0,0,0,0.75,1.0,1.0,0.0,3
5266,3,3,2,3,0.08694444444444445,saturday,summer,afternoon,0,0,0,0,0.6666666666666666,1.0,1.0,0.0,3
5267,9,9,3,8,0.49972222222222223,saturday,summer,afternoon,0,0,0,0,0.3333333333333333,0.8888888888888888,1.0,0.0,0
5268,3,3,3,3,0.1738888888888889,saturday,summer,afternoon,0,0,0,0,1.0,1.0,1.0,0.0,3
5269,26,26,20,20,1.3747222222222222,tuesday,summer,evening,4,16,14,16,0.7692307692307693,0.7692307692307693,1.0,0.6153846153846154,2
5270,2,1,1,1,0.08722222222222223,tuesday,summer,evening,0,0,0,0,0.5,0.5,0.5,0.0,0
5271,22,22,16,21,1.2144444444444444,tuesday,summer,night,6,9,9,9,0.7272727272727273,0.9545454545454546,1.0,0.4090909090909091,2
5272,2,2,1,2,0.11555555555555555,tuesday,summer,late  night,0,2,2,2,0.5,1.0,1.0,1.0,1
5273,27,27,3,3,1.386388888888889,wednesday,summer,afternoon,0,0,0,0,0.1111111111111111,0.1111111111111111,1.0,0.0,2
5274,21,21,8,13,1.2802777777777778,wednesday,summer,afternoon,0,0,0,0,0.38095238095238093,0.6190476190476191,1.0,0.0,2
5275,22,22,13,17,1.3133333333333332,thursday,summer,afternoon,0,1,2,2,0.5909090909090909,0.7727272727272727,1.0,0.09090909090909091,2
5276,8,8,8,8,0.5169444444444444,saturday,summer,afternoon,0,3,2,3,1.0,1.0,1.0,0.375,3
5277,19,19,19,19,1.281388888888889,saturday,summer,afternoon,4,8,7,8,1.0,1.0,1.0,0.42105263157894735,2
5278,1,1,1,1,0.0,friday,summer,evening,0,0,0,0,1.0,1.0,1.0,0.0,3
5279,14,14,1,1,0.6427777777777778,saturday,summer,morning,0,14,1,14,0.07142857142857142,0.07142857142857142,1.0,1.0,1
5280,14,14,2,2,0.6213888888888889,saturday,summer,afternoon,1,4,1,4,0.14285714285714285,0.14285714285714285,1.0,0.2857142857142857,0
5281,5,5,2,2,0.11694444444444445,saturday,summer,afternoon,0,3,0,3,0.4,0.4,1.0,0.6,1
5282,12,12,1,1,0.5702777777777778,saturday,summer,afternoon,0,11,0,11,0.08333333333333333,0.08333333333333333,1.0,0.9166666666666666,1
5283,27,27,7,3,1.5308333333333333,sunday,summer,afternoon,0,1,0,1,0.25925925925925924,0.1111111111111111,1.0,0.037037037037037035,2
5284,1,1,1,1,0.0,thursday,summer,evening,0,0,0,0,1.0,1.0,1.0,0.0,3
5285,2,2,1,1,0.0425,saturday,summer,afternoon,0,0,0,0,0.5,0.5,1.0,0.0,0
5286,26,26,1,1,1.2261111111111112,saturday,summer,afternoon,0,0,0,0,0.038461538461538464,0.038461538461538464,1.0,0.0,2
5287,1,1,1,1,0.0,sunday,summer,evening,0,0,0,0,1.0,1.0,1.0,0.0,3
5288,1,1,1,1,0.0,sunday,summer,afternoon,0,1,0,1,1.0,1.0,1.0,1.0,1
5289,3,3,1,1,0.08722222222222223,monday,summer,morning,0,3,1,3,0.3333333333333333,0.3333333333333333,1.0,1.0,1
5290,7,7,1,1,0.3163888888888889,monday,summer,morning,0,7,0,7,0.14285714285714285,0.14285714285714285,1.0,1.0,1
5291,1,1,1,1,0.0,tuesday,summer,evening,0,1,1,1,1.0,1.0,1.0,1.0,1
5292,9,9,3,3,0.6241666666666666,wednesday,summer,night,1,8,2,8,0.3333333333333333,0.3333333333333333,1.0,0.8888888888888888,1
5293,4,4,4,4,0.17888888888888888,sunday,summer,afternoon,2,4,4,4,1.0,1.0,1.0,1.0,1
5294,24,24,20,21,1.1958333333333333,tuesday,summer,evening,1,10,9,10,0.8333333333333334,0.875,1.0,0.4166666666666667,2
5295,13,13,9,12,0.6563888888888889,wednesday,summer,evening,3,10,7,10,0.6923076923076923,0.9230769230769231,1.0,0.7692307692307693,1
5296,1,1,1,1,0.0,wednesday,summer,evening,0,1,0,1,1.0,1.0,1.0,1.0,1
5297,6,6,2,5,0.3186111111111111,thursday,summer,afternoon,0,5,4,5,0.3333333333333333,0.8333333333333334,1.0,0.8333333333333334,1
5298,6,6,5,6,0.22916666666666666,thursday,summer,afternoon,0,0,0,0,0.8333333333333334,1.0,1.0,0.0,3
5299,13,13,11,12,0.5775,friday,summer,afternoon,0,0,0,0,0.8461538461538461,0.9230769230769231,1.0,0.0,3
5300,9,9,7,8,0.45,friday,summer,evening,0,0,0,0,0.7777777777777778,0.8888888888888888,1.0,0.0,3
5301,1,1,1,1,0.0,friday,summer,night,0,0,0,0,1.0,1.0,1.0,0.0,3
5302,8,8,2,5,0.41805555555555557,friday,summer,night,0,0,0,0,0.25,0.625,1.0,0.0,0
5303,19,19,2,13,1.4258333333333333,friday,summer,afternoon,0,9,6,9,0.10526315789473684,0.6842105263157895,1.0,0.47368421052631576,2
5304,16,16,11,11,1.096111111111111,friday,summer,afternoon,0,0,0,0,0.6875,0.6875,1.0,0.0,2
5305,1,1,1,1,0.0,sunday,summer,evening,0,0,0,0,1.0,1.0,1.0,0.0,3
5306,22,20,3,7,1.3616666666666666,monday,summer,afternoon,0,0,0,0,0.13636363636363635,0.3181818181818182,0.9090909090909091,0.0,2
5307,20,20,2,11,1.1736111111111112,monday,summer,night,0,0,0,0,0.1,0.55,1.0,0.0,2
5308,3,3,1,1,0.10944444444444444,monday,summer,morning,0,0,0,0,0.3333333333333333,0.3333333333333333,1.0,0.0,0
5309,21,21,9,12,1.5097222222222222,tuesday,summer,afternoon,0,3,3,3,0.42857142857142855,0.5714285714285714,1.0,0.14285714285714285,2
5310,2,2,2,2,0.07555555555555556,tuesday,summer,evening,0,0,0,0,1.0,1.0,1.0,0.0,3
5311,8,8,3,7,0.42916666666666664,tuesday,summer,evening,0,1,0,1,0.375,0.875,1.0,0.125,0
5312,1,1,1,1,0.0,wednesday,summer,night,0,1,1,1,1.0,1.0,1.0,1.0,1
5313,1,1,1,1,0.0,thursday,summer,night,0,1,1,1,1.0,1.0,1.0,1.0,1
5314,1,1,1,1,0.0,thursday,summer,afternoon,0,0,0,0,1.0,1.0,1.0,0.0,3
5315,20,20,5,12,1.1644444444444444,thursday,summer,afternoon,1,9,6,9,0.25,0.6,1.0,0.45,2
5316,1,1,1,1,0.0,friday,summer,afternoon,0,0,1,1,1.0,1.0,1.0,1.0,1
5317,30,30,13,21,1.5502777777777779,friday,summer,evening,1,13,4,13,0.43333333333333335,0.7,1.0,0.43333333333333335,2
5318,14,14,5,6,0.8827777777777778,friday,summer,evening,0,0,0,0,0.35714285714285715,0.42857142857142855,1.0,0.0,2
5319,1,1,1,1,0.0,monday,summer,afternoon,0,1,1,1,1.0,1.0,1.0,1.0,1
5320,8,8,3,7,0.45,tuesday,summer,evening,1,7,4,7,0.375,0.875,1.0,0.875,1
5321,4,4,1,4,0.1125,tuesday,summer,evening,0,2,1,2,0.25,1.0,1.0,0.5,0
5322,2,2,2,2,0.08944444444444444,tuesday,summer,afternoon,0,1,1,1,1.0,1.0,1.0,0.5,3
5323,1,1,1,1,0.0,thursday,summer,evening,0,1,0,1,1.0,1.0,1.0,1.0,1
5324,2,1,2,2,0.06138888888888889,saturday,summer,late  night,2,2,2,2,1.0,1.0,0.5,1.0,1
5325,19,19,3,13,1.2538888888888888,sunday,summer,morning,2,18,11,18,0.15789473684210525,0.6842105263157895,1.0,0.9473684210526315,2
5326,9,9,3,3,0.7425,tuesday,summer,evening,0,8,2,8,0.3333333333333333,0.3333333333333333,1.0,0.8888888888888888,1
5327,6,6,2,3,0.38861111111111113,tuesday,summer,evening,1,6,2,6,0.3333333333333333,0.5,1.0,1.0,1
5328,3,3,2,3,0.10111111111111111,thursday,summer,evening,0,1,1,1,0.6666666666666666,1.0,1.0,0.3333333333333333,3
5329,16,16,3,9,1.125,thursday,summer,afternoon,0,0,0,0,0.1875,0.5625,1.0,0.0,2
5330,1,1,1,1,0.0,thursday,summer,afternoon,0,1,1,1,1.0,1.0,1.0,1.0,1
5331,2,2,2,2,0.1025,friday,summer,evening,0,0,0,0,1.0,1.0,1.0,0.0,3
5332,20,20,11,13,1.2097222222222221,saturday,summer,evening,1,14,7,14,0.55,0.65,1.0,0.7,2
5333,37,37,29,37,2.4530555555555558,sunday,summer,afternoon,3,26,24,26,0.7837837837837838,1.0,1.0,0.7027027027027027,2
5334,6,6,5,5,0.6263888888888889,sunday,summer,afternoon,1,4,3,4,0.8333333333333334,0.8333333333333334,1.0,0.6666666666666666,1
5335,2,2,2,2,0.11916666666666667,monday,summer,evening,0,0,0,0,1.0,1.0,1.0,0.0,3
5336,4,4,3,4,0.3611111111111111,monday,summer,evening,0,0,0,0,0.75,1.0,1.0,0.0,3
5337,2,2,1,1,0.03805555555555556,monday,summer,afternoon,0,0,0,0,0.5,0.5,1.0,0.0,0
5338,1,1,1,1,0.0,tuesday,summer,late  night,0,1,1,1,1.0,1.0,1.0,1.0,1
5339,14,14,8,8,0.6980555555555555,tuesday,summer,afternoon,1,8,2,8,0.5714285714285714,0.5714285714285714,1.0,0.5714285714285714,1
5340,1,1,1,1,0.0,wednesday,summer,morning,0,1,1,1,1.0,1.0,1.0,1.0,1
5341,1,1,1,1,0.0,thursday,summer,night,0,0,0,0,1.0,1.0,1.0,0.0,3
5342,22,21,7,7,0.9675,saturday,summer,afternoon,1,10,6,10,0.3181818181818182,0.3181818181818182,0.9545454545454546,0.45454545454545453,2
5343,2,2,1,1,0.06416666666666666,saturday,summer,afternoon,0,0,0,0,0.5,0.5,1.0,0.0,0
5344,15,15,6,5,0.3572222222222222,saturday,summer,afternoon,4,4,4,4,0.4,0.3333333333333333,1.0,0.26666666666666666,0
5345,1,1,1,1,0.0,saturday,summer,afternoon,1,1,1,1,1.0,1.0,1.0,1.0,1
5346,1,1,1,1,0.0,saturday,summer,afternoon,1,1,1,1,1.0,1.0,1.0,1.0,1
5347,3,3,3,3,0.27694444444444444,sunday,summer,afternoon,2,3,3,3,1.0,1.0,1.0,1.0,1
5348,19,17,3,3,0.8397222222222223,sunday,summer,afternoon,1,1,1,1,0.15789473684210525,0.15789473684210525,0.8947368421052632,0.05263157894736842,0
5349,9,9,8,8,0.5725,sunday,summer,night,0,1,1,1,0.8888888888888888,0.8888888888888888,1.0,0.1111111111111111,3
5350,4,4,4,4,0.14972222222222223,sunday,summer,afternoon,2,4,4,4,1.0,1.0,1.0,1.0,1
5351,17,17,6,6,0.6708333333333333,sunday,summer,afternoon,1,8,2,8,0.35294117647058826,0.35294117647058826,1.0,0.47058823529411764,0
5352,3,3,1,3,0.10694444444444444,sunday,summer,afternoon,0,1,1,1,0.3333333333333333,1.0,1.0,0.3333333333333333,0
5353,22,22,16,19,1.261388888888889,sunday,summer,afternoon,8,12,10,12,0.7272727272727273,0.8636363636363636,1.0,0.5454545454545454,2
5354,5,5,1,4,0.18861111111111112,monday,fall,night,0,1,0,1,0.2,0.8,1.0,0.2,0
5355,12,12,1,1,0.6586111111111111,monday,fall,morning,0,12,0,12,0.08333333333333333,0.08333333333333333,1.0,1.0,1
5356,8,8,4,4,0.32055555555555554,monday,fall,afternoon,0,4,1,4,0.5,0.5,1.0,0.5,0
5357,2,2,1,1,0.07388888888888889,monday,fall,afternoon,0,2,1,2,0.5,0.5,1.0,1.0,1
5358,1,1,1,1,0.0,monday,fall,afternoon,0,0,0,0,1.0,1.0,1.0,0.0,3
5359,1,1,1,1,0.0,monday,fall,afternoon,0,0,0,0,1.0,1.0,1.0,0.0,3
5360,4,4,1,3,0.2075,wednesday,fall,afternoon,0,0,0,0,0.25,0.75,1.0,0.0,0
5361,4,4,4,4,0.26666666666666666,wednesday,fall,afternoon,1,4,3,4,1.0,1.0,1.0,1.0,1
5362,1,1,1,1,0.0,wednesday,fall,afternoon,1,1,1,1,1.0,1.0,1.0,1.0,1
5363,2,2,1,2,0.06861111111111111,thursday,fall,late  night,0,0,0,0,0.5,1.0,1.0,0.0,0
5364,1,1,1,1,0.0,friday,fall,evening,0,0,0,0,1.0,1.0,1.0,0.0,3
5365,25,25,11,12,1.3477777777777777,saturday,fall,afternoon,0,11,7,11,0.44,0.48,1.0,0.44,2
5366,18,17,11,14,1.196388888888889,saturday,fall,evening,0,2,0,2,0.6111111111111112,0.7777777777777778,0.9444444444444444,0.1111111111111111,2
5367,1,1,1,1,0.0,saturday,fall,late  night,1,1,1,1,1.0,1.0,1.0,1.0,1
5368,8,8,1,1,0.4236111111111111,saturday,fall,morning,0,0,0,0,0.125,0.125,1.0,0.0,0
5369,2,2,2,2,0.07972222222222222,saturday,fall,afternoon,0,0,0,0,1.0,1.0,1.0,0.0,3
5370,5,5,5,5,0.25083333333333335,saturday,fall,afternoon,0,0,0,0,1.0,1.0,1.0,0.0,3
5371,10,10,9,9,0.49777777777777776,sunday,fall,night,0,1,1,1,0.9,0.9,1.0,0.1,3
5372,23,23,14,18,1.1919444444444445,sunday,fall,afternoon,0,0,0,0,0.6086956521739131,0.782608695652174,1.0,0.0,2
5373,5,5,1,1,0.2086111111111111,sunday,fall,afternoon,0,0,0,0,0.2,0.2,1.0,0.0,0
5374,13,13,2,1,0.35638888888888887,sunday,fall,afternoon,0,0,0,0,0.15384615384615385,0.07692307692307693,1.0,0.0,0
5375,7,7,3,6,0.3047222222222222,monday,fall,afternoon,0,2,1,3,0.42857142857142855,0.8571428571428571,1.0,0.42857142857142855,0
5376,3,3,3,3,0.11472222222222223,monday,fall,afternoon,0,0,0,0,1.0,1.0,1.0,0.0,3
5377,2,2,2,2,0.0425,monday,fall,afternoon,0,0,0,0,1.0,1.0,1.0,0.0,3
5378,1,1,1,1,0.0,sunday,fall,night,0,0,0,0,1.0,1.0,1.0,0.0,3
5379,28,28,3,11,1.7361111111111112,monday,fall,afternoon,0,0,0,0,0.10714285714285714,0.39285714285714285,1.0,0.0,2
5380,9,9,1,1,0.4236111111111111,monday,fall,afternoon,0,6,0,6,0.1111111111111111,0.1111111111111111,1.0,0.6666666666666666,0
5381,3,3,1,1,0.08638888888888889,tuesday,fall,afternoon,0,0,0,0,0.3333333333333333,0.3333333333333333,1.0,0.0,0
5382,1,1,1,1,0.0,tuesday,fall,afternoon,0,1,0,1,1.0,1.0,1.0,1.0,1
5383,14,14,11,12,0.7538888888888889,wednesday,fall,afternoon,0,4,4,4,0.7857142857142857,0.8571428571428571,1.0,0.2857142857142857,3
5384,6,6,6,6,0.2388888888888889,thursday,fall,afternoon,0,0,0,0,1.0,1.0,1.0,0.0,3
5385,11,11,10,11,0.6294444444444445,friday,fall,afternoon,8,8,8,8,0.9090909090909091,1.0,1.0,0.7272727272727273,1
5386,1,1,1,1,0.0,friday,fall,night,0,1,1,1,1.0,1.0,1.0,1.0,1
5387,4,4,1,1,0.16722222222222222,saturday,fall,evening,0,4,0,4,0.25,0.25,1.0,1.0,1
5388,3,3,1,1,0.09222222222222222,saturday,fall,morning,0,3,0,3,0.3333333333333333,0.3333333333333333,1.0,1.0,1
5389,37,35,8,7,2.0005555555555556,saturday,fall,morning,1,3,1,3,0.21621621621621623,0.1891891891891892,0.9459459459459459,0.08108108108108109,2
5390,3,3,2,1,0.09444444444444444,saturday,fall,afternoon,0,0,0,0,0.6666666666666666,0.3333333333333333,1.0,0.0,3
5391,3,3,1,1,0.07333333333333333,saturday,fall,afternoon,0,0,0,0,0.3333333333333333,0.3333333333333333,1.0,0.0,0
5392,14,14,7,7,0.6694444444444444,saturday,fall,afternoon,0,0,0,0,0.5,0.5,1.0,0.0,0
5393,7,7,5,5,0.3736111111111111,saturday,fall,afternoon,0,0,0,0,0.7142857142857143,0.7142857142857143,1.0,0.0,3
5394,1,1,1,1,0.0,tuesday,fall,afternoon,0,0,0,0,1.0,1.0,1.0,0.0,3
5395,7,7,6,6,0.33194444444444443,wednesday,fall,afternoon,1,2,2,2,0.8571428571428571,0.8571428571428571,1.0,0.2857142857142857,3
5396,16,16,11,16,0.8052777777777778,thursday,fall,evening,0,2,2,2,0.6875,1.0,1.0,0.125,2
5397,8,8,7,8,0.42527777777777775,thursday,fall,morning,0,3,3,3,0.875,1.0,1.0,0.375,3
5398,22,22,7,15,1.0611111111111111,thursday,fall,morning,1,2,2,2,0.3181818181818182,0.6818181818181818,1.0,0.09090909090909091,2
5399,23,23,11,13,1.2552777777777777,thursday,fall,afternoon,0,2,1,2,0.4782608695652174,0.5652173913043478,1.0,0.08695652173913043,2
5400,1,1,1,1,0.0,friday,fall,afternoon,0,0,0,0,1.0,1.0,1.0,0.0,3
5401,1,1,1,1,0.0,saturday,fall,evening,0,1,1,1,1.0,1.0,1.0,1.0,1
5402,5,5,5,5,0.21944444444444444,saturday,fall,morning,1,4,4,4,1.0,1.0,1.0,0.8,1
5403,19,18,13,18,1.283611111111111,sunday,fall,evening,1,2,1,2,0.6842105263157895,0.9473684210526315,0.9473684210526315,0.10526315789473684,2
5404,4,4,1,1,0.17777777777777778,monday,fall,afternoon,0,0,0,0,0.25,0.25,1.0,0.0,0
5405,14,14,1,1,0.6208333333333333,tuesday,fall,afternoon,0,0,0,0,0.07142857142857142,0.07142857142857142,1.0,0.0,0
5406,24,24,12,17,1.3352777777777778,friday,fall,evening,0,8,1,8,0.5,0.7083333333333334,1.0,0.3333333333333333,2
5407,7,7,7,7,0.3616666666666667,saturday,fall,morning,1,6,7,7,1.0,1.0,1.0,1.0,1
5408,23,23,2,2,1.8163888888888888,saturday,fall,morning,0,20,1,20,0.08695652173913043,0.08695652173913043,1.0,0.8695652173913043,2
5409,3,3,1,1,0.14166666666666666,saturday,fall,morning,0,3,0,3,0.3333333333333333,0.3333333333333333,1.0,1.0,1
5410,5,5,1,1,0.26555555555555554,saturday,fall,afternoon,0,5,0,5,0.2,0.2,1.0,1.0,1
5411,3,3,3,3,0.12166666666666667,tuesday,fall,afternoon,0,0,0,0,1.0,1.0,1.0,0.0,3
5412,10,10,8,8,0.6019444444444444,tuesday,fall,afternoon,0,0,0,0,0.8,0.8,1.0,0.0,3
5413,5,5,5,5,0.24944444444444444,tuesday,fall,afternoon,0,0,0,0,1.0,1.0,1.0,0.0,3
5414,1,1,1,1,0.0,tuesday,fall,afternoon,0,0,0,0,1.0,1.0,1.0,0.0,3
5415,23,23,1,6,1.0122222222222221,thursday,fall,morning,1,23,6,23,0.043478260869565216,0.2608695652173913,1.0,1.0,2
5416,1,1,1,1,0.0,friday,fall,evening,0,1,0,1,1.0,1.0,1.0,1.0,1
5417,1,1,1,1,0.0,friday,fall,afternoon,0,0,0,0,1.0,1.0,1.0,0.0,3
5418,3,3,2,3,0.19305555555555556,friday,fall,afternoon,0,0,0,0,0.6666666666666666,1.0,1.0,0.0,3
5419,2,2,2,2,0.08611111111111111,friday,fall,afternoon,0,0,0,0,1.0,1.0,1.0,0.0,3
5420,1,1,1,1,0.0,saturday,fall,night,0,0,0,0,1.0,1.0,1.0,0.0,3
5421,19,19,18,19,0.9161111111111111,sunday,fall,afternoon,1,13,10,13,0.9473684210526315,1.0,1.0,0.6842105263157895,1
5422,11,11,11,10,0.7013888888888888,monday,fall,afternoon,0,5,4,5,1.0,0.9090909090909091,1.0,0.45454545454545453,3
5423,1,1,1,1,0.0,monday,fall,morning,0,0,0,0,1.0,1.0,1.0,0.0,3
5424,1,1,1,1,0.0,wednesday,fall,morning,0,0,0,0,1.0,1.0,1.0,0.0,3
5425,1,1,1,1,0.0,friday,fall,late  night,0,1,1,1,1.0,1.0,1.0,1.0,1
5426,1,1,1,1,0.0,sunday,fall,evening,0,0,0,0,1.0,1.0,1.0,0.0,3
5427,18,18,6,7,1.0827777777777778,tuesday,fall,morning,0,15,4,15,0.3333333333333333,0.3888888888888889,1.0,0.8333333333333334,2
5428,2,2,2,2,0.07305555555555555,wednesday,fall,late  night,0,0,0,0,1.0,1.0,1.0,0.0,3
5429,4,4,1,1,0.2061111111111111,wednesday,fall,morning,0,4,1,4,0.25,0.25,1.0,1.0,1
5430,1,1,1,1,0.0,wednesday,fall,afternoon,0,1,0,1,1.0,1.0,1.0,1.0,1
5431,1,1,1,1,0.0,saturday,fall,morning,1,1,1,1,1.0,1.0,1.0,1.0,1
5432,1,1,1,1,0.0,monday,fall,morning,0,0,0,0,1.0,1.0,1.0,0.0,3
5433,11,11,6,6,0.53,tuesday,fall,afternoon,0,5,4,5,0.5454545454545454,0.5454545454545454,1.0,0.45454545454545453,0
5434,21,21,19,21,0.8952777777777777,tuesday,fall,afternoon,2,13,13,13,0.9047619047619048,1.0,1.0,0.6190476190476191,1
5435,2,2,2,2,0.10555555555555556,tuesday,fall,afternoon,0,1,1,1,1.0,1.0,1.0,0.5,3
5436,2,2,1,2,0.07805555555555556,wednesday,fall,afternoon,0,0,0,0,0.5,1.0,1.0,0.0,0
5437,9,9,3,7,0.6330555555555556,wednesday,fall,evening,1,6,3,6,0.3333333333333333,0.7777777777777778,1.0,0.6666666666666666,1
5438,5,5,1,1,0.3213888888888889,wednesday,fall,morning,0,5,1,5,0.2,0.2,1.0,1.0,1
5439,2,2,1,1,0.029444444444444443,friday,fall,afternoon,0,0,0,0,0.5,0.5,1.0,0.0,0
5440,2,1,1,1,0.07444444444444444,saturday,fall,afternoon,0,1,1,1,0.5,0.5,0.5,0.5,0
5441,3,1,1,1,0.22166666666666668,saturday,fall,night,0,0,0,0,0.3333333333333333,0.3333333333333333,0.3333333333333333,0.0,0
5442,19,18,1,13,1.1158333333333332,saturday,fall,morning,0,0,0,0,0.05263157894736842,0.6842105263157895,0.9473684210526315,0.0,2
5443,10,10,1,1,0.5558333333333333,saturday,fall,afternoon,0,0,0,0,0.1,0.1,1.0,0.0,0
5444,1,1,1,1,0.0,monday,fall,afternoon,0,0,0,0,1.0,1.0,1.0,0.0,3
5445,16,15,6,7,0.8633333333333333,monday,fall,afternoon,0,0,0,0,0.375,0.4375,0.9375,0.0,0
5446,3,3,1,1,0.10305555555555555,monday,fall,evening,0,0,0,0,0.3333333333333333,0.3333333333333333,1.0,0.0,0
5447,1,1,1,1,0.0,monday,fall,night,0,0,0,0,1.0,1.0,1.0,0.0,3
5448,10,10,7,7,0.5108333333333334,monday,fall,night,0,3,2,3,0.7,0.7,1.0,0.3,3
5449,1,1,1,1,0.0,monday,fall,afternoon,0,1,1,1,1.0,1.0,1.0,1.0,1
5450,8,8,8,8,0.30083333333333334,tuesday,fall,afternoon,2,6,6,6,1.0,1.0,1.0,0.75,1
5451,5,5,5,5,0.19972222222222222,tuesday,fall,afternoon,3,5,5,5,1.0,1.0,1.0,1.0,1
5452,17,17,15,16,0.7672222222222222,tuesday,fall,morning,4,8,7,8,0.8823529411764706,0.9411764705882353,1.0,0.47058823529411764,1
5453,22,22,9,9,1.105,wednesday,fall,morning,1,6,6,6,0.4090909090909091,0.4090909090909091,1.0,0.2727272727272727,2
5454,7,7,1,1,0.4502777777777778,thursday,fall,afternoon,0,0,0,0,0.14285714285714285,0.14285714285714285,1.0,0.0,0
5455,10,10,2,2,0.5555555555555556,thursday,fall,afternoon,0,0,0,0,0.2,0.2,1.0,0.0,0
5456,18,18,2,2,1.1230555555555555,friday,fall,afternoon,0,0,0,0,0.1111111111111111,0.1111111111111111,1.0,0.0,2
5457,24,21,2,2,1.298888888888889,saturday,fall,afternoon,0,16,1,16,0.08333333333333333,0.08333333333333333,0.875,0.6666666666666666,2
5458,3,3,2,3,0.1175,saturday,fall,evening,0,0,0,0,0.6666666666666666,1.0,1.0,0.0,3
5459,1,1,1,1,0.0,saturday,fall,night,1,1,1,1,1.0,1.0,1.0,1.0,1
5460,6,6,1,3,0.24388888888888888,saturday,fall,morning,0,6,2,6,0.16666666666666666,0.5,1.0,1.0,1
5461,23,22,6,9,0.8194444444444444,tuesday,fall,afternoon,1,6,5,6,0.2608695652173913,0.391304347826087,0.9565217391304348,0.2608695652173913,0
5462,7,7,1,1,0.3313888888888889,wednesday,fall,evening,0,5,0,5,0.14285714285714285,0.14285714285714285,1.0,0.7142857142857143,0
5463,10,10,5,6,0.4136111111111111,wednesday,fall,morning,2,4,4,4,0.5,0.6,1.0,0.4,0
5464,6,6,5,4,0.2752777777777778,wednesday,fall,afternoon,1,1,1,1,0.8333333333333334,0.6666666666666666,1.0,0.16666666666666666,3
5465,4,4,3,1,0.39111111111111113,thursday,fall,afternoon,0,0,0,0,0.75,0.25,1.0,0.0,3
5466,1,1,1,1,0.0,thursday,fall,night,0,0,0,0,1.0,1.0,1.0,0.0,3
5467,29,28,5,5,1.8669444444444445,friday,fall,morning,1,13,5,13,0.1724137931034483,0.1724137931034483,0.9655172413793104,0.4482758620689655,2
5468,2,2,1,1,0.055,friday,fall,morning,0,0,0,0,0.5,0.5,1.0,0.0,0
5469,6,6,3,3,0.43083333333333335,saturday,fall,evening,0,0,0,0,0.5,0.5,1.0,0.0,0
5470,5,5,2,1,0.2836111111111111,monday,fall,night,0,0,0,0,0.4,0.2,1.0,0.0,0
5471,3,3,2,1,0.13333333333333333,monday,fall,morning,0,0,0,0,0.6666666666666666,0.3333333333333333,1.0,0.0,3
5472,5,5,2,3,0.3061111111111111,monday,fall,morning,0,0,0,0,0.4,0.6,1.0,0.0,0
5473,10,10,8,9,0.5266666666666666,monday,fall,afternoon,0,2,1,2,0.8,0.9,1.0,0.2,3
5474,6,6,6,6,0.2611111111111111,tuesday,fall,afternoon,0,1,0,1,1.0,1.0,1.0,0.16666666666666666,3
5475,21,21,4,14,1.103611111111111,wednesday,fall,afternoon,0,0,0,0,0.19047619047619047,0.6666666666666666,1.0,0.0,2
5476,7,7,6,4,0.5247222222222222,thursday,fall,evening,2,3,2,3,0.8571428571428571,0.5714285714285714,1.0,0.42857142857142855,3
5477,5,5,1,1,0.1386111111111111,friday,fall,morning,0,0,0,0,0.2,0.2,1.0,0.0,0
5478,2,2,1,1,0.050277777777777775,friday,fall,afternoon,0,2,1,2,0.5,0.5,1.0,1.0,1
5479,8,7,7,7,0.23666666666666666,friday,fall,afternoon,0,7,7,7,0.875,0.875,0.875,0.875,1
5480,1,1,1,1,0.0,saturday,fall,afternoon,0,1,1,1,1.0,1.0,1.0,1.0,1
5481,12,12,7,8,0.67,sunday,fall,night,0,1,1,1,0.5833333333333334,0.6666666666666666,1.0,0.08333333333333333,0
5482,11,11,5,7,0.5552777777777778,wednesday,winter,afternoon,0,0,0,0,0.45454545454545453,0.6363636363636364,1.0,0.0,0
5483,3,3,1,2,0.105,wednesday,winter,afternoon,0,0,0,0,0.3333333333333333,0.6666666666666666,1.0,0.0,0
5484,2,2,2,2,0.09222222222222222,wednesday,winter,afternoon,0,0,0,0,1.0,1.0,1.0,0.0,3
5485,5,4,4,4,0.20805555555555555,wednesday,winter,evening,0,0,0,0,0.8,0.8,0.8,0.0,0
5486,24,24,5,6,1.3305555555555555,thursday,winter,afternoon,0,1,0,1,0.20833333333333334,0.25,1.0,0.041666666666666664,2
5487,1,1,1,1,0.0,saturday,winter,afternoon,0,0,0,0,1.0,1.0,1.0,0.0,3
5488,6,5,4,5,0.2544444444444444,sunday,winter,afternoon,0,0,0,0,0.6666666666666666,0.8333333333333334,0.8333333333333334,0.0,0
5489,4,4,3,3,0.17722222222222223,sunday,winter,afternoon,0,0,0,0,0.75,0.75,1.0,0.0,3
5490,22,22,16,18,1.2138888888888888,tuesday,winter,afternoon,2,7,6,7,0.7272727272727273,0.8181818181818182,1.0,0.3181818181818182,2
5491,6,6,6,6,0.3188888888888889,tuesday,winter,evening,0,1,0,1,1.0,1.0,1.0,0.16666666666666666,3
5492,1,1,1,1,0.0,tuesday,winter,evening,1,1,1,1,1.0,1.0,1.0,1.0,1
5493,5,5,1,1,0.2,tuesday,winter,night,0,0,0,0,0.2,0.2,1.0,0.0,0
5494,20,20,12,11,1.0808333333333333,tuesday,winter,night,0,0,0,0,0.6,0.55,1.0,0.0,2
5495,5,5,2,3,0.3688888888888889,tuesday,winter,late  night,0,0,0,0,0.4,0.6,1.0,0.0,0
5496,14,13,8,8,0.8894444444444445,wednesday,winter,evening,0,4,1,5,0.5714285714285714,0.5714285714285714,0.9285714285714286,0.35714285714285715,2
5497,3,3,3,2,0.09888888888888889,wednesday,winter,evening,0,1,0,1,1.0,0.6666666666666666,1.0,0.3333333333333333,3
5498,8,8,5,7,0.355,wednesday,winter,afternoon,0,0,0,0,0.625,0.875,1.0,0.0,3
5499,10,10,5,10,0.5763888888888888,friday,winter,afternoon,0,0,0,0,0.5,1.0,1.0,0.0,0
5500,16,16,2,2,0.6444444444444445,friday,winter,night,0,13,0,13,0.125,0.125,1.0,0.8125,0
5501,3,3,3,3,0.21861111111111112,friday,winter,night,0,1,1,1,1.0,1.0,1.0,0.3333333333333333,3
5502,1,1,1,1,0.0,saturday,winter,night,0,0,0,0,1.0,1.0,1.0,0.0,3
5503,4,4,4,4,0.3413888888888889,saturday,winter,night,0,0,0,0,1.0,1.0,1.0,0.0,3
5504,3,3,3,3,0.24555555555555555,saturday,winter,late  night,0,0,0,0,1.0,1.0,1.0,0.0,3
5505,1,1,1,1,0.0,saturday,winter,late  night,0,0,0,0,1.0,1.0,1.0,0.0,3
5506,1,1,1,1,0.0,monday,winter,afternoon,0,0,0,0,1.0,1.0,1.0,0.0,3
5507,5,5,5,5,0.38,monday,winter,morning,0,1,0,1,1.0,1.0,1.0,0.2,3
5508,7,7,6,7,0.7075,monday,winter,morning,0,1,1,1,0.8571428571428571,1.0,1.0,0.14285714285714285,3
5509,3,3,2,2,0.21638888888888888,monday,winter,afternoon,0,0,0,0,0.6666666666666666,0.6666666666666666,1.0,0.0,3
5510,1,1,1,1,0.0,tuesday,winter,afternoon,0,0,0,0,1.0,1.0,1.0,0.0,3
5511,3,3,2,3,0.24583333333333332,tuesday,winter,evening,0,1,1,1,0.6666666666666666,1.0,1.0,0.3333333333333333,3
5512,1,1,1,1,0.0,tuesday,winter,night,0,0,0,0,1.0,1.0,1.0,0.0,3
5513,5,5,3,5,0.4266666666666667,wednesday,winter,evening,0,0,0,0,0.6,1.0,1.0,0.0,0
5514,4,4,4,4,0.395,wednesday,winter,afternoon,0,0,0,0,1.0,1.0,1.0,0.0,3
5515,1,1,1,1,0.0,wednesday,winter,afternoon,0,0,0,0,1.0,1.0,1.0,0.0,3
5516,1,1,1,1,0.0,wednesday,winter,afternoon,0,0,0,0,1.0,1.0,1.0,0.0,3
5517,2,2,2,2,0.08277777777777778,thursday,winter,afternoon,1,1,1,1,1.0,1.0,1.0,0.5,3
5518,1,1,1,1,0.0,thursday,winter,late  night,0,0,0,0,1.0,1.0,1.0,0.0,3
5519,10,10,5,5,0.5686111111111111,thursday,winter,afternoon,0,0,0,0,0.5,0.5,1.0,0.0,0
5520,6,6,3,3,0.25333333333333335,thursday,winter,afternoon,0,1,0,1,0.5,0.5,1.0,0.16666666666666666,0
5521,10,10,4,7,0.43527777777777776,friday,winter,evening,2,6,5,6,0.4,0.7,1.0,0.6,0
5522,6,6,6,6,0.2702777777777778,friday,winter,afternoon,1,5,5,5,1.0,1.0,1.0,0.8333333333333334,1
5523,14,14,12,12,0.7125,saturday,winter,afternoon,0,1,0,1,0.8571428571428571,0.8571428571428571,1.0,0.07142857142857142,3
5524,20,20,11,14,1.1530555555555555,saturday,winter,evening,0,0,0,0,0.55,0.7,1.0,0.0,2
5525,17,17,8,13,1.0177777777777777,saturday,winter,evening,0,0,0,0,0.47058823529411764,0.7647058823529411,1.0,0.0,2
5526,2,2,1,1,0.08194444444444444,monday,winter,afternoon,0,0,0,0,0.5,0.5,1.0,0.0,0
5527,2,2,2,2,0.04833333333333333,monday,winter,afternoon,0,0,0,0,1.0,1.0,1.0,0.0,3
5528,3,3,3,3,0.1111111111111111,monday,winter,afternoon,0,0,0,0,1.0,1.0,1.0,0.0,3
5529,1,1,1,1,0.0,tuesday,winter,late  night,0,0,0,0,1.0,1.0,1.0,0.0,3
5530,2,2,2,2,0.06166666666666667,wednesday,winter,evening,0,0,0,0,1.0,1.0,1.0,0.0,3
5531,2,2,2,2,0.04722222222222222,wednesday,winter,evening,0,0,0,0,1.0,1.0,1.0,0.0,3
5532,5,4,3,4,0.23527777777777778,monday,winter,morning,0,0,0,0,0.6,0.8,0.8,0.0,0
5533,4,4,3,3,0.25027777777777777,monday,winter,afternoon,0,0,0,0,0.75,0.75,1.0,0.0,3
5534,4,4,3,4,0.175,monday,winter,afternoon,0,0,0,0,0.75,1.0,1.0,0.0,3
5535,1,1,1,1,0.0,tuesday,winter,afternoon,1,1,1,1,1.0,1.0,1.0,1.0,1
5536,9,9,5,8,0.3794444444444444,wednesday,winter,evening,0,0,0,0,0.5555555555555556,0.8888888888888888,1.0,0.0,0
5537,15,14,12,14,0.9208333333333333,wednesday,winter,evening,3,6,6,6,0.8,0.9333333333333333,0.9333333333333333,0.4,2
5538,4,4,3,3,0.2797222222222222,wednesday,winter,late  night,2,3,2,3,0.75,0.75,1.0,0.75,1
5539,2,2,2,2,0.010277777777777778,wednesday,winter,late  night,0,0,0,0,1.0,1.0,1.0,0.0,3
5540,1,1,1,1,0.0,wednesday,winter,morning,1,1,1,1,1.0,1.0,1.0,1.0,1
5541,2,2,2,2,0.059444444444444446,wednesday,winter,afternoon,0,0,0,0,1.0,1.0,1.0,0.0,3
